Datetime,Water Level (m)
2026-01-28 06:00:00,-1.2341517
2026-01-28 07:00:00,-1.0152936
2026-01-28 08:00:00,-0.56526786
2026-01-28 09:00:00,-0.110297345
2026-01-28 10:00:00,0.2429305
2026-01-28 11:00:00,0.4668235
2026-01-28 12:00:00,0.5163132
2026-01-28 13:00:00,0.39844406
2026-01-28 14:00:00,0.11555631
2026-01-28 15:00:00,-0.21726497
2026-01-28 16:00:00,-0.5344137
2026-01-28 17:00:00,-0.7741875
2026-01-28 18:00:00,-0.9112948
2026-01-28 19:00:00,-0.91229844
2026-01-28 20:00:00,-0.7491487
2026-01-28 21:00:00,-0.47884327
2026-01-28 22:00:00,-0.1864833
2026-01-28 23:00:00,0.0246843
2026-01-29 00:00:00,0.11083143
2026-01-29 01:00:00,0.09135824
2026-01-29 02:00:00,-0.09787511
2026-01-29 03:00:00,-0.4143422
2026-01-29 04:00:00,-0.73486465
2026-01-29 05:00:00,-1.0221059
2026-01-29 06:00:00,-1.2437956
2026-01-29 07:00:00,-1.3025538
2026-01-29 08:00:00,-1.1571655
2026-01-29 09:00:00,-0.7783379
2026-01-29 10:00:00,-0.23003723
2026-01-29 11:00:00,0.22961527
2026-01-29 12:00:00,0.5386765
2026-01-29 13:00:00,0.6421892
2026-01-29 14:00:00,0.58310926
2026-01-29 15:00:00,0.30930674
2026-01-29 16:00:00,-0.09778632
2026-01-29 17:00:00,-0.5074993
2026-01-29 18:00:00,-0.82497025
2026-01-29 19:00:00,-1.0696539
2026-01-29 20:00:00,-1.1760513
2026-01-29 21:00:00,-1.0762118
2026-01-29 22:00:00,-0.7558891
2026-01-29 23:00:00,-0.32082206
2026-01-30 00:00:00,0.026453791
2026-01-30 01:00:00,0.22751482
2026-01-30 02:00:00,0.25050697
2026-01-30 03:00:00,0.086371124
2026-01-30 04:00:00,-0.2779459
2026-01-30 05:00:00,-0.7095673
2026-01-30 06:00:00,-1.075378
2026-01-30 07:00:00,-1.3694272
2026-01-30 08:00:00,-1.4638726
2026-01-30 09:00:00,-1.3198718
2026-01-30 10:00:00,-0.9264503
2026-01-30 11:00:00,-0.24364348
2026-01-30 12:00:00,0.29563266
2026-01-30 13:00:00,0.66583675
2026-01-30 14:00:00,0.8055749
2026-01-30 15:00:00,0.7417193
2026-01-30 16:00:00,0.4097642
2026-01-30 17:00:00,-0.072849035
2026-01-30 18:00:00,-0.57576925
2026-01-30 19:00:00,-0.9750553
2026-01-30 20:00:00,-1.2926315
2026-01-30 21:00:00,-1.424809
2026-01-30 22:00:00,-1.3049964
2026-01-30 23:00:00,-0.92461425
2026-01-31 00:00:00,-0.3125069
2026-01-31 01:00:00,0.1433378
2026-01-31 02:00:00,0.40632436
2026-01-31 03:00:00,0.42351788
2026-01-31 04:00:00,0.21649386
2026-01-31 05:00:00,-0.22801884
2026-01-31 06:00:00,-0.74117815
2026-01-31 07:00:00,-1.1793027
2026-01-31 08:00:00,-1.495642
2026-01-31 09:00:00,-1.599237
2026-01-31 10:00:00,-1.4379301
2026-01-31 11:00:00,-0.97731394
2026-01-31 12:00:00,-0.17000511
2026-01-31 13:00:00,0.42943057
2026-01-31 14:00:00,0.8497067
2026-01-31 15:00:00,0.9764585
2026-01-31 16:00:00,0.85694027
2026-01-31 17:00:00,0.43337077
2026-01-31 18:00:00,-0.14809363
2026-01-31 19:00:00,-0.7390579
2026-01-31 20:00:00,-1.1876637
2026-01-31 21:00:00,-1.5219883
2026-01-31 22:00:00,-1.6226885
2026-01-31 23:00:00,-1.4201221
2026-02-01 00:00:00,-0.9239701
2026-02-01 01:00:00,-0.15786359
2026-02-01 02:00:00,0.3494425
2026-02-01 03:00:00,0.5954152
2026-02-01 04:00:00,0.5667139
2026-02-01 05:00:00,0.27825016
2026-02-01 06:00:00,-0.26734307
2026-02-01 07:00:00,-0.8196029
2026-02-01 08:00:00,-1.3073189
2026-02-01 09:00:00,-1.6268646
2026-02-01 10:00:00,-1.7004375
2026-02-01 11:00:00,-1.4640371
2026-02-01 12:00:00,-0.88582796
2026-02-01 13:00:00,0.0069537377
2026-02-01 14:00:00,0.62763274
2026-02-01 15:00:00,1.0113652
2026-02-01 16:00:00,1.0796499
2026-02-01 17:00:00,0.85202783
2026-02-01 18:00:00,0.3292929
2026-02-01 19:00:00,-0.33620802
2026-02-01 20:00:00,-0.92540747
2026-02-01 21:00:00,-1.4159782
2026-02-01 22:00:00,-1.7126145
2026-02-01 23:00:00,-1.7478212
2026-02-02 00:00:00,-1.424931
2026-02-02 01:00:00,-0.75888395
2026-02-02 02:00:00,0.09617818
2026-02-02 03:00:00,0.5787591
2026-02-02 04:00:00,0.74511564
2026-02-02 05:00:00,0.63687485
2026-02-02 06:00:00,0.22520766
2026-02-02 07:00:00,-0.406783
2026-02-02 08:00:00,-0.96269774
2026-02-02 09:00:00,-1.4408108
2026-02-02 10:00:00,-1.7108178
2026-02-02 11:00:00,-1.7159846
2026-02-02 12:00:00,-1.3726876
2026-02-02 13:00:00,-0.62351996
2026-02-02 14:00:00,0.25547478
2026-02-02 15:00:00,0.84407485
2026-02-02 16:00:00,1.1285769
2026-02-02 17:00:00,1.0993557
2026-02-02 18:00:00,0.7460301
2026-02-02 19:00:00,0.11158901
2026-02-02 20:00:00,-0.5946277
2026-02-02 21:00:00,-1.1641525
2026-02-02 22:00:00,-1.6135336
2026-02-02 23:00:00,-1.8115484
2026-02-03 00:00:00,-1.7085055
2026-02-03 01:00:00,-1.2257265
2026-02-03 02:00:00,-0.35888255
2026-02-03 03:00:00,0.380866
2026-02-03 04:00:00,0.756759
2026-02-03 05:00:00,0.8161307
2026-02-03 06:00:00,0.5834198
